make,body
Volvo,Sedan
Nissan,Sedan
Kia,Sedan
Ford,Sedan
Kia,SUV
Chevrolet,Sedan
Audi,Sedan
Volvo,Wagon
Chevrolet,SUV
Lexus,SUV
Hyundai,Sedan
Nissan,Hatchback
Chevrolet,"Crew Cab"
BMW,Coupe
Buick,Sedan
Chrysler,Sedan
Ford,"Crew Cab"
GMC,SUV
Mazda,SUV
Jeep,SUV
Mitsubishi,SUV
Dodge,Sedan
BMW,SUV
Chevrolet,Coupe
Honda,Hatchback
Subaru,SUV
BMW,Convertible
Ford,SUV
Mazda,Sedan
Kia,Wagon
Mercedes-Benz,SUV
Audi,Coupe
Volkswagen,Hatchback
Acura,SUV
Porsche,SUV
Nissan,Coupe
Jaguar,Coupe
Cadillac,SUV
Toyota,Sedan
Mercedes-Benz,Sedan
Buick,SUV
Subaru,Sedan
Hyundai,Hatchback
Chrysler,Minivan
GMC,"Crew Cab"
Lincoln,SUV
BMW,Sedan
Ford,Hatchback
Chevrolet,Hatchback
Toyota,"Double Cab"
Volvo,SUV
BMW,Hatchback
Scion,Coupe
Honda,Minivan
Cadillac,Sedan
Lincoln,Sedan
Dodge,Minivan
Ford,"Transit Van"
Chevrolet,Van
Hyundai,SUV
Nissan,"Crew Cab"
Dodge,Coupe
Lexus,Sedan
Mitsubishi,Hatchback
Chevrolet,Convertible
BMW,Wagon
MINI,Wagon
Kia,Minivan
smart,Hatchback
FIAT,Hatchback
Dodge,SUV
Mitsubishi,Sedan
Toyota,Minivan
Volkswagen,Sedan
Ram,"Crew Cab"
Toyota,SUV
"Land Rover",SUV
Ford,Coupe
Jaguar,Sedan
Audi,SUV
Jaguar,Convertible
Honda,Sedan
Ford,SuperCab
Ram,"Quad Cab"
Mercedes-Benz,Coupe
Ford,Van
Honda,SUV
Nissan,"King Cab"
MINI,Convertible
Nissan,SUV
Toyota,"Access Cab"
Lexus,Coupe
Lexus,Hatchback
Scion,Hatchback
Infiniti,"q60 coupe"
Acura,sedan
Subaru,coupe
Infiniti,suv
Toyota,Hatchback
MINI,hatchback
Volkswagen,SUV
Ram,"Promaster Cargo Van"
Hyundai,"genesis coupe"
Mazda,Convertible
Subaru,Wagon
Ford,SuperCrew
Ford,"Regular Cab"
